日期,類型,餐次/項目,食物/內容,估計卡路里(kcal),合理下限,合理上限,體重(kg),重量訓練,Cardio,備註
2026-08-19,Food,Lunch,烤牛肉（約205g熟肉／中等油花）＋沙律／蔬菜＋少量醬汁＋蒜蓉包＋羅宋湯,900,815,995,,, ,羅宋湯約275mL，按約120 kcal 計
2026-08-19,Food,Dinner,烤鯖魚半條＋菜,280,220,340,,, ,未有份量相片
2026-08-19,Daily total,已報餐次合計,沒有早餐／零食／含糖飲品的前提下,1180,1035,1335,,, ,只計已報食物
2026-08-20,Food,Meal,蝦6隻＋西蘭花／椰菜花／紅蘿蔔／洋蔥／菇／菜等清湯或清煮蔬菜,180,130,220,,, ,相中未見大量油或醬汁；如有食用1湯匙油另加約120 kcal
2026-08-20,Food,Dinner,YOZM無糖西梅希臘乳酪130g（280 kcal／蛋白13g）＋黑椒雞柳70g（生重）＋一大碗無油雜菜,500,455,550,,, ,已確認全程無落油；雞柳約70g生重
2026-08-20,Daily total,已報餐次合計,已確認今天不再進食,680,635,730,,, ,只計已報食物
2026-08-21,Food,Lunch,沙律菜無醬60g＋粉絲被64kcal＋7-11 Fitasy泰式封門柳150kcal,229,219,249,,, ,標示卡路里為主；沙律菜約15kcal
2026-08-21,Food,Dinner,白灼中型基維蝦約12隻＋連殼枝豆約200g＋菜心,280,230,340,,, ,枝豆連殼約200g；假設白灼／少油
2026-08-21,Food,Snack,蝴蝶酥1塊（已確認；中等手掌size）,180,150,220,,, ,相片校準約30–40g；lunch時段食用
2026-08-21,Daily total,已報餐次合計,含蝴蝶酥,689,599,809,,, ,暫按沒有早餐其他零食及含糖飲品
2026-08-19,Training,Gym（Body composition 21:13）,以 weight training 為主,,,,64.6,有,無,BIA：體脂38%；骨骼肌21.6kg；體脂肪24.5kg；內臟脂肪12；BMR 1234 kcal
2026-08-20,Body measurement,Morning weight,晨早量度,,,,63.95,,,較8/19晚間gym後BIA低0.65kg；主要當作量度條件差異／水分及食物重量
2026-08-21,Body measurement,Weight,用戶報體重,,,,64.15,,,較昨晨63.95kg高0.20kg；屬正常日內／日間波動
2026-10-06,Body measurement,Return-home weight,,,,64.45,,,返港後體重；量度時段／飲食／排便狀況未報，唔當晨磅。日本旅行 9/30–10/5 已決定不更新 food log；較 9/30 晨磅 61.25 +3.20kg，優先視作旅行後水分／肝醣／鈉、腸胃內容與量度條件回彈，未能當純脂肪增加。
2026-10-06,Food,Lunch,蒟蒻麵＋墨魚丸3粒＋扎肉2片＋大量蔬菜＋少量枝豆,310,220,470,,,, 已食、未日結。相片見西蘭花、菜心等大量蔬菜，未見明顯醬汁；只按用戶確認吃的蒟蒻麵、墨魚丸3粒、扎肉2片、少量枝豆計，不把相中其餘丸類／背景食物計入。暫拆：蒟蒻麵15＋墨魚丸3粒60＋扎肉2片105＋蔬菜70＋枝豆45＋調味／少量油15＝310 kcal；主要不確定是扎肉厚度／實際重量、枝豆份量及烹調油。
2026-10-06,Food,Dinner,味噌湯（實食）：味噌約3/4份＋豆腐180g＋蝦3隻（原5隻／生重94g）,184,155,232,,,,已食、未日結。更正：原本5隻蝦只食3隻，按94g生重×3/5×85 kcal/100g＝48；豆腐實食180g，按55 kcal/100g＝99；味噌原下1.5 tbsp，因未食完整鍋暫按連湯實食約3/4份＝37。Dinner＝184 kcal（155–232）。如湯汁實際飲得明顯少於／多於約3/4，可改同一行。
2026-10-06,Food,Snack,枝豆50g＋雙黃白蓮蓉月餅1/8個,164,135,193,,,,已食、未日結。枝豆暫按可食豆50g、122 kcal/100g＝61（若50g為連殼重量會下調）；雙黃白蓮蓉月餅1/8個沿用9/28同類奇華基準＝103（90–118）。Snack＝164（135–193）。
